model_number,species,order,family,ds,log10mdd_family,log10mdd_order,log10mdd,log10mdd_best,,,,,,,,,,,,,,,,,,
2,Acanthus mollis,Lamiales,Acanthaceae,ballistic,NA,0.141668593,0.083176161,0.141668593,,,,,,,,,,,,,,,,,,
2,Acanthus mollis,Lamiales,Acanthaceae,animal,NA,1.744099278,1.511406701,1.744099278,,,,,,,,,,,,,,,,,,
2,Schinus terebinthifolia,Sapindales,Anacardiaceae,animal,NA,3.039372941,2.695438939,3.039372941,,,,,,,,,,,,,,,,,,
2,Schinus terebinthifolia,Sapindales,Anacardiaceae,ant,NA,1.945453622,1.982266471,1.945453622,,,,,,,,,,,,,,,,,,
2,Toxicodendron succedaneum,Sapindales,Anacardiaceae,animal,NA,2.989050572,2.794804292,2.989050572,,,,,,,,,,,,,,,,,,
2,Angelica pachycarpa,Apiales,Apiaceae,wind.special,0.366984292,0.640417282,0.749635637,0.366984292,,,,,,,,,,,,,,,,,,
2,Helosciadium nodiflorum,Apiales,Apiaceae,animal,1.857579194,2.131012184,2.214360837,1.857579194,,,,,,,,,,,,,,,,,,
2,Ilex aquifolium,Aquifoliales,Aquifoliaceae,animal,NA,NA,3.117893325,3.117893325,,,,,,,,,,,,,,,,,,
2,Alocasia brisbanensis,Alismatales,Araceae,animal,NA,2.274794727,2.168914027,2.274794727,,,,,,,,,,,,,,,,,,
2,Arum italicum,Alismatales,Araceae,animal,NA,1.850703961,1.557331386,1.850703961,,,,,,,,,,,,,,,,,,
2,Zantedeschia aethiopica,Alismatales,Araceae,animal,NA,2.080116328,1.889107132,2.080116328,,,,,,,,,,,,,,,,,,
2,Fatsia japonica,Apiales,Araliaceae,animal,NA,2.843212771,2.716666073,2.843212771,,,,,,,,,,,,,,,,,,
2,Archontophoenix cunninghamiana,Arecales,Arecaceae,animal,NA,NA,2.746486314,2.746486314,,,,,,,,,,,,,,,,,,
2,Phoenix canariensis,Arecales,Arecaceae,animal,NA,NA,2.457336942,2.457336942,,,,,,,,,,,,,,,,,,
2,Trachycarpus fortunei,Arecales,Arecaceae,animal,NA,NA,2.881686484,2.881686484,,,,,,,,,,,,,,,,,,
2,Agave americana,Asparagales,Asparagaceae,wind.none,NA,0.793939028,0.720382791,0.793939028,,,,,,,,,,,,,,,,,,
2,Ageratina adenophora,Asterales,Asteraceae,wind.special,NA,1.614080777,1.85937594,1.614080777,,,,,,,,,,,,,,,,,,
2,Ageratum houstonianum,Asterales,Asteraceae,wind.special,NA,1.357822144,1.487230225,1.357822144,,,,,,,,,,,,,,,,,,
2,Arctium minus,Asterales,Asteraceae,animal,NA,2.153342869,2.001687555,2.153342869,,,,,,,,,,,,,,,,,,
2,Arctium minus,Asterales,Asteraceae,wind.special,NA,0.979893878,0.980067377,0.979893878,,,,,,,,,,,,,,,,,,
2,Baccharis halimifolia,Asterales,Asteraceae,wind.special,NA,2.405657204,2.461610314,2.405657204,,,,,,,,,,,,,,,,,,
2,Bellis perennis,Asterales,Asteraceae,animal,NA,2.174044354,1.982553552,2.174044354,,,,,,,,,,,,,,,,,,
2,Bellis perennis,Asterales,Asteraceae,wind.none,NA,-0.273862584,-0.406900459,-0.273862584,,,,,,,,,,,,,,,,,,
2,Bidens frondosa,Asterales,Asteraceae,animal,NA,2.264008378,2.158556872,2.264008378,,,,,,,,,,,,,,,,,,
2,Cirsium arvense,Asterales,Asteraceae,wind.special,NA,1.097427223,1.132044399,1.097427223,,,,,,,,,,,,,,,,,,
2,Cirsium arvense,Asterales,Asteraceae,animal,NA,2.270876214,2.153664578,2.270876214,,,,,,,,,,,,,,,,,,
2,Cirsium arvense,Asterales,Asteraceae,ant,NA,1.176956895,1.44049211,1.176956895,,,,,,,,,,,,,,,,,,
2,Cirsium vulgare,Asterales,Asteraceae,wind.special,NA,1.092058211,1.133062608,1.092058211,,,,,,,,,,,,,,,,,,
2,Cirsium vulgare,Asterales,Asteraceae,animal,NA,2.265507202,2.154682786,2.265507202,,,,,,,,,,,,,,,,,,
2,Cirsium vulgare,Asterales,Asteraceae,ant,NA,1.171587882,1.441510318,1.171587882,,,,,,,,,,,,,,,,,,
2,Erigeron karvinskianus,Asterales,Asteraceae,wind.special,NA,1.258963365,1.33353316,1.258963365,,,,,,,,,,,,,,,,,,
2,Eupatorium cannabinum,Asterales,Asteraceae,wind.special,NA,1.35600651,1.496846265,1.35600651,,,,,,,,,,,,,,,,,,
2,Eupatorium cannabinum,Asterales,Asteraceae,animal,NA,2.529455501,2.518466444,2.529455501,,,,,,,,,,,,,,,,,,
2,Jacobaea vulgaris,Asterales,Asteraceae,wind.special,NA,1.315952851,1.433870284,1.315952851,,,,,,,,,,,,,,,,,,
2,Jacobaea vulgaris,Asterales,Asteraceae,wind.none,NA,0.041494904,0.066036452,0.041494904,,,,,,,,,,,,,,,,,,
2,Jacobaea vulgaris,Asterales,Asteraceae,animal,NA,2.489401842,2.455490463,2.489401842,,,,,,,,,,,,,,,,,,
2,Leucanthemum vulgare,Asterales,Asteraceae,animal,NA,2.387281907,2.312445141,2.387281907,,,,,,,,,,,,,,,,,,
2,Osteospermum moniliferum,Asterales,Asteraceae,animal,NA,2.879046366,2.514069443,2.879046366,,,,,,,,,,,,,,,,,,
2,Pilosella officinarum,Asterales,Asteraceae,wind.special,NA,0.884724805,0.794541061,0.884724805,,,,,,,,,,,,,,,,,,
2,Pilosella piloselloides,Asterales,Asteraceae,wind.special,NA,1.139988559,1.173671422,1.139988559,,,,,,,,,,,,,,,,,,
2,Senecio glastifolius,Asterales,Asteraceae,wind.special,NA,1.200101148,1.272094453,1.200101148,,,,,,,,,,,,,,,,,,
2,Silybum marianum,Asterales,Asteraceae,wind.special,NA,0.930925009,0.919191016,0.930925009,,,,,,,,,,,,,,,,,,
2,Silybum marianum,Asterales,Asteraceae,animal,NA,2.104374,1.940811195,2.104374,,,,,,,,,,,,,,,,,,
2,Silybum marianum,Asterales,Asteraceae,ant,NA,1.01045468,1.227638727,1.01045468,,,,,,,,,,,,,,,,,,
2,Tussilago farfara,Asterales,Asteraceae,wind.special,NA,1.032494834,1.018705339,1.032494834,,,,,,,,,,,,,,,,,,
2,Impatiens glandulifera,Ericales,Balsaminaceae,ballistic,0.474755728,0.453058472,0.69484871,0.474755728,,,,,,,,,,,,,,,,,,
2,Berberis darwinii,Ranunculales,Berberidaceae,animal,NA,3.273738014,2.876017932,3.273738014,,,,,,,,,,,,,,,,,,
2,Berberis glaucocarpa,Ranunculales,Berberidaceae,animal,NA,3.212353059,2.803800219,3.212353059,,,,,,,,,,,,,,,,,,
2,Alnus glutinosa,Fagales,Betulaceae,wind.special,2.423069906,2.172942348,2.410444736,2.423069906,,,,,,,,,,,,,,,,,,
2,Alnus glutinosa,Fagales,Betulaceae,animal,3.596518897,3.346391339,3.432064914,3.596518897,,,,,,,,,,,,,,,,,,
2,Betula pendula,Fagales,Betulaceae,wind.special,2.727069095,2.476941537,2.835617266,2.727069095,,,,,,,,,,,,,,,,,,
2,Betula pendula,Fagales,Betulaceae,animal,3.900518085,3.650390528,3.857237444,3.900518085,,,,,,,,,,,,,,,,,,
2,Echium vulgare,Boraginales,Boraginaceae,wind.none,NA,NA,-0.377979135,-0.377979135,,,,,,,,,,,,,,,,,,
2,Opuntia monacantha,Caryophyllales,Cactaceae,animal,NA,2.713545666,2.9261493,2.713545666,,,,,,,,,,,,,,,,,,
2,Opuntia monacantha,Caryophyllales,Cactaceae,ant,NA,1.619626347,2.212976832,1.619626347,,,,,,,,,,,,,,,,,,
2,Centranthus ruber,Dipsacales,Caprifoliaceae,wind.special,0.672067255,0.880837098,1.034985719,0.672067255,,,,,,,,,,,,,,,,,,
2,Leycesteria formosa,Dipsacales,Caprifoliaceae,animal,2.987471793,3.196241636,3.149699469,2.987471793,,,,,,,,,,,,,,,,,,
2,Sagina procumbens,Caryophyllales,Caryophyllaceae,animal,2.012912083,1.943060372,2.12062259,2.012912083,,,,,,,,,,,,,,,,,,
2,Sagina procumbens,Caryophyllales,Caryophyllaceae,wind.none,-0.434994854,-0.504846566,-0.268831421,-0.434994854,,,,,,,,,,,,,,,,,,
2,Casuarina glauca,Fagales,Casuarinaceae,wind.special,NA,2.224196045,2.480356186,2.224196045,,,,,,,,,,,,,,,,,,
2,Celastrus orbiculatus,Celastrales,Celastraceae,animal,NA,NA,3.271815251,3.271815251,,,,,,,,,,,,,,,,,,
2,Euonymus europaeus,Celastrales,Celastraceae,animal,NA,NA,2.774031566,2.774031566,,,,,,,,,,,,,,,,,,
2,Euonymus japonicus,Celastrales,Celastraceae,animal,NA,NA,2.852013679,2.852013679,,,,,,,,,,,,,,,,,,
2,Maytenus boaria,Celastrales,Celastraceae,animal,NA,NA,3.043789519,3.043789519,,,,,,,,,,,,,,,,,,
2,Cornus capitata,Cornales,Cornaceae,animal,NA,NA,2.916368801,2.916368801,,,,,,,,,,,,,,,,,,
2,Cotyledon orbiculata,Saxifragales,Crassulaceae,wind.none,NA,NA,0.764517929,0.764517929,,,,,,,,,,,,,,,,,,
2,Sedum acre,Saxifragales,Crassulaceae,animal,NA,NA,1.997915457,1.997915457,,,,,,,,,,,,,,,,,,
2,Sedum acre,Saxifragales,Crassulaceae,wind.none,NA,NA,-0.391538554,-0.391538554,,,,,,,,,,,,,,,,,,
2,Bryonia cretica,Cucurbitales,Cucurbitaceae,animal,NA,NA,2.84931778,2.84931778,,,,,,,,,,,,,,,,,,
2,Carex demissa,Poales,Cyperaceae,animal,2.16621277,2.311874882,1.926333811,2.16621277,,,,,,,,,,,,,,,,,,
2,Carex flacca,Poales,Cyperaceae,animal,2.230815953,2.376478065,2.024963613,2.230815953,,,,,,,,,,,,,,,,,,
2,Carex leporina,Poales,Cyperaceae,animal,2.299175941,2.444838052,2.121959439,2.299175941,,,,,,,,,,,,,,,,,,
2,Carex longebrachiata,Poales,Cyperaceae,wind.none,-0.175890792,-0.030228681,-0.296199591,-0.175890792,,,,,,,,,,,,,,,,,,
2,Carex longebrachiata,Poales,Cyperaceae,animal,2.272016145,2.417678256,2.093254421,2.272016145,,,,,,,,,,,,,,,,,,
2,Carex lurida,Poales,Cyperaceae,animal,2.310192173,2.455854284,2.145327571,2.310192173,,,,,,,,,,,,,,,,,,
2,Carex scoparia,Poales,Cyperaceae,animal,2.408270371,2.553932482,2.279108928,2.408270371,,,,,,,,,,,,,,,,,,
2,Cyperus eragrostis,Poales,Cyperaceae,animal,2.537993413,2.683655524,2.456054721,2.537993413,,,,,,,,,,,,,,,,,,
2,Schoenoplectus californicus,Poales,Cyperaceae,animal,2.579050219,2.724712331,2.536826829,2.579050219,,,,,,,,,,,,,,,,,,
2,Calluna vulgaris,Ericales,Ericaceae,wind.none,0.738424652,0.701349176,0.709026089,0.738424652,,,,,,,,,,,,,,,,,,
2,Calluna vulgaris,Ericales,Ericaceae,animal,3.186331589,3.149256113,3.0984801,3.186331589,,,,,,,,,,,,,,,,,,
2,Erica cinerea,Ericales,Ericaceae,wind.none,0.498353416,0.46127794,0.371053042,0.498353416,,,,,,,,,,,,,,,,,,
2,Erica cinerea,Ericales,Ericaceae,animal,2.946260353,2.909184877,2.760507054,2.946260353,,,,,,,,,,,,,,,,,,
2,Erica lusitanica,Ericales,Ericaceae,wind.none,1.078031728,1.040956252,1.200779893,1.078031728,,,,,,,,,,,,,,,,,,
2,Rhododendron ponticum,Ericales,Ericaceae,wind.none,1.061569702,1.024494226,1.200927137,1.061569702,,,,,,,,,,,,,,,,,,
2,Homalanthus populifolius,Malpighiales,Euphorbiaceae,animal,3.202793838,3.174412046,2.806477324,3.202793838,,,,,,,,,,,,,,,,,,
2,Homalanthus populifolius,Malpighiales,Euphorbiaceae,ant,2.108874518,2.080492727,2.093304856,2.108874518,,,,,,,,,,,,,,,,,,
2,Ricinus communis,Malpighiales,Euphorbiaceae,ballistic,1.301558882,1.27317709,0.966078787,1.301558882,,,,,,,,,,,,,,,,,,
2,Ricinus communis,Malpighiales,Euphorbiaceae,ant,1.810070247,1.781688456,1.681136859,1.810070247,,,,,,,,,,,,,,,,,,
2,Ricinus communis,Malpighiales,Euphorbiaceae,animal,2.903989567,2.875607775,2.394309327,2.903989567,,,,,,,,,,,,,,,,,,
2,Acacia baileyana,Fabales,Fabaceae,ant,NA,2.028911937,2.275219305,2.028911937,,,,,,,,,,,,,,,,,,
2,Acacia baileyana,Fabales,Fabaceae,wind.none,NA,0.674924319,0.598937762,0.674924319,,,,,,,,,,,,,,,,,,
2,Acacia dealbata,Fabales,Fabaceae,ant,NA,2.263063615,2.774707687,2.263063615,,,,,,,,,,,,,,,,,,
2,Acacia dealbata,Fabales,Fabaceae,wind.none,NA,0.909075997,1.098426144,0.909075997,,,,,,,,,,,,,,,,,,
2,Acacia dealbata,Fabales,Fabaceae,ballistic,NA,1.754552249,2.059649615,1.754552249,,,,,,,,,,,,,,,,,,
2,Acacia longifolia,Fabales,Fabaceae,ant,NA,2.067410035,2.327731768,2.067410035,,,,,,,,,,,,,,,,,,
2,Acacia longifolia,Fabales,Fabaceae,animal,NA,3.161329355,3.040904236,3.161329355,,,,,,,,,,,,,,,,,,
2,Acacia longifolia,Fabales,Fabaceae,wind.none,NA,0.713422417,0.651450225,0.713422417,,,,,,,,,,,,,,,,,,
2,Acacia mearnsii,Fabales,Fabaceae,ant,NA,2.062377075,2.478363833,2.062377075,,,,,,,,,,,,,,,,,,
2,Acacia mearnsii,Fabales,Fabaceae,wind.none,NA,0.708389457,0.80208229,0.708389457,,,,,,,,,,,,,,,,,,
2,Acacia mearnsii,Fabales,Fabaceae,animal,NA,3.156296395,3.191536301,3.156296395,,,,,,,,,,,,,,,,,,
2,Acacia melanoxylon,Fabales,Fabaceae,animal,NA,3.350102744,3.478495387,3.350102744,,,,,,,,,,,,,,,,,,
2,Acacia melanoxylon,Fabales,Fabaceae,ant,NA,2.256183425,2.765322919,2.256183425,,,,,,,,,,,,,,,,,,
2,Acacia paradoxa,Fabales,Fabaceae,ant,NA,1.858293549,2.017721639,1.858293549,,,,,,,,,,,,,,,,,,
2,Acacia paradoxa,Fabales,Fabaceae,wind.none,NA,0.504305931,0.341440096,0.504305931,,,,,,,,,,,,,,,,,,
2,Acacia verticillata,Fabales,Fabaceae,ant,NA,2.119295908,2.398505524,2.119295908,,,,,,,,,,,,,,,,,,
2,Biancaea decapetala,Fabales,Fabaceae,wind.none,NA,0.341564312,0.152567243,0.341564312,,,,,,,,,,,,,,,,,,
2,Chamaecytisus prolifer,Fabales,Fabaceae,ballistic,NA,1.372111891,1.501128348,1.372111891,,,,,,,,,,,,,,,,,,
2,Chamaecytisus prolifer,Fabales,Fabaceae,ant,NA,1.880623256,2.21618642,1.880623256,,,,,,,,,,,,,,,,,,
2,Cytisus multiflorus,Fabales,Fabaceae,ballistic,NA,1.448193701,1.436899581,1.448193701,,,,,,,,,,,,,,,,,,
2,Cytisus scoparius,Fabales,Fabaceae,ballistic,NA,1.324157454,1.259369044,1.324157454,,,,,,,,,,,,,,,,,,
2,Cytisus scoparius,Fabales,Fabaceae,animal,NA,2.926588139,2.687599584,2.926588139,,,,,,,,,,,,,,,,,,
2,Cytisus scoparius,Fabales,Fabaceae,ant,NA,1.83266882,1.974427116,1.83266882,,,,,,,,,,,,,,,,,,
2,Lupinus arboreus,Fabales,Fabaceae,ballistic,NA,1.264482276,1.186312151,1.264482276,,,,,,,,,,,,,,,,,,
2,Lupinus polyphyllus,Fabales,Fabaceae,ballistic,NA,0.221398644,0.213822377,0.221398644,,,,,,,,,,,,,,,,,,
2,Paraserianthes lophantha,Fabales,Fabaceae,ballistic,NA,1.371121209,1.351949318,1.371121209,,,,,,,,,,,,,,,,,,
2,Pultenaea daphnoides,Fabales,Fabaceae,ant,NA,1.906655046,2.07534636,1.906655046,,,,,,,,,,,,,,,,,,
2,Robinia pseudoacacia,Fabales,Fabaceae,wind.none,NA,0.83487557,0.993463797,0.83487557,,,,,,,,,,,,,,,,,,
2,Senna septemtrionalis,Fabales,Fabaceae,ballistic,NA,1.241405674,1.146493343,1.241405674,,,,,,,,,,,,,,,,,,
2,Spartium junceum,Fabales,Fabaceae,ballistic,NA,1.34598489,1.297483955,1.34598489,,,,,,,,,,,,,,,,,,
2,Spartium junceum,Fabales,Fabaceae,ant,NA,1.854496255,2.012542027,1.854496255,,,,,,,,,,,,,,,,,,
2,Spartium junceum,Fabales,Fabaceae,animal,NA,2.948415575,2.725714495,2.948415575,,,,,,,,,,,,,,,,,,
2,Ulex europaeus,Fabales,Fabaceae,ballistic,NA,1.353710054,1.299679602,1.353710054,,,,,,,,,,,,,,,,,,
2,Ulex europaeus,Fabales,Fabaceae,animal,NA,2.956140739,2.727910141,2.956140739,,,,,,,,,,,,,,,,,,
2,Ulex europaeus,Fabales,Fabaceae,ant,NA,1.862221419,2.014737673,1.862221419,,,,,,,,,,,,,,,,,,
2,Quercus robur,Fagales,Fagaceae,animal,2.630782868,2.81648391,2.723516835,2.630782868,,,,,,,,,,,,,,,,,,
2,Ribes sanguineum,Saxifragales,Grossulariaceae,animal,NA,NA,2.910701742,2.910701742,,,,,,,,,,,,,,,,,,
2,Ribes uva-crispa,Saxifragales,Grossulariaceae,animal,NA,NA,2.744261041,2.744261041,,,,,,,,,,,,,,,,,,
2,Gunnera tinctoria,Gunnerales,Gunneraceae,animal,NA,NA,2.469868128,2.469868128,,,,,,,,,,,,,,,,,,
2,Hypericum androsaemum,Malpighiales,Hypericaceae,animal,3.50062638,3.534476085,3.272845067,3.50062638,,,,,,,,,,,,,,,,,,
2,Hypericum perforatum,Malpighiales,Hypericaceae,wind.none,0.074782363,0.108632067,0.024532465,0.074782363,,,,,,,,,,,,,,,,,,
2,Hypericum perforatum,Malpighiales,Hypericaceae,animal,2.5226893,2.556539004,2.413986476,2.5226893,,,,,,,,,,,,,,,,,,
2,Aristea ecklonii,Asparagales,Iridaceae,wind.none,NA,-0.359560879,-0.433405834,-0.359560879,,,,,,,,,,,,,,,,,,
2,Iris foetidissima,Asparagales,Iridaceae,animal,NA,1.771750477,1.536040152,1.771750477,,,,,,,,,,,,,,,,,,
2,Moraea flaccida,Asparagales,Iridaceae,wind.none,NA,-0.402467235,-0.48601276,-0.402467235,,,,,,,,,,,,,,,,,,
2,Moraea flaccida,Asparagales,Iridaceae,animal,NA,2.045439703,1.903441251,2.045439703,,,,,,,,,,,,,,,,,,
2,Juglans ailantifolia,Fagales,Juglandaceae,animal,2.511564671,2.622938231,2.445255,2.511564671,,,,,,,,,,,,,,,,,,
2,Juncus acutus,Poales,Juncaceae,animal,2.336567438,2.720772142,2.508850403,2.336567438,,,,,,,,,,,,,,,,,,
2,Juncus articulatus,Poales,Juncaceae,animal,2.406787902,2.790992605,2.594123759,2.406787902,,,,,,,,,,,,,,,,,,
2,Juncus articulatus,Poales,Juncaceae,wind.none,-0.041119036,0.343085668,0.204669748,-0.041119036,,,,,,,,,,,,,,,,,,
2,Juncus bulbosus,Poales,Juncaceae,animal,1.90958491,2.293789613,1.887404797,1.90958491,,,,,,,,,,,,,,,,,,
2,Juncus squarrosus,Poales,Juncaceae,animal,2.149009489,2.533214192,2.231418074,2.149009489,,,,,,,,,,,,,,,,,,
2,Lycopus europaeus,Lamiales,Lamiaceae,animal,2.314330789,2.367868872,2.358494636,2.314330789,,,,,,,,,,,,,,,,,,
2,Laurus nobilis,Laurales,Lauraceae,animal,NA,NA,2.461074793,2.461074793,,,,,,,,,,,,,,,,,,
2,Utricularia gibba,Lamiales,Lentibulariaceae,animal,NA,2.340913151,2.296956796,2.340913151,,,,,,,,,,,,,,,,,,
2,Lilium formosanum,Liliales,Liliaceae,wind.special,NA,NA,1.027704507,1.027704507,,,,,,,,,,,,,,,,,,
2,Lythrum salicaria,Myrtales,Lythraceae,animal,2.7609706,2.819333544,2.557664835,2.7609706,,,,,,,,,,,,,,,,,,
2,Melianthus major,Geraniales,Melianthaceae,wind.special,NA,1.674348178,1.492664374,1.674348178,,,,,,,,,,,,,,,,,,
2,Melianthus major,Geraniales,Melianthaceae,animal,NA,2.847797169,2.514284552,2.847797169,,,,,,,,,,,,,,,,,,
2,Ficus macrophylla,Rosales,Moraceae,animal,NA,3.611653362,3.898786915,3.611653362,,,,,,,,,,,,,,,,,,
2,Eucalyptus delegatensis,Myrtales,Myrtaceae,wind.none,NA,1.276431977,1.146717329,1.276431977,,,,,,,,,,,,,,,,,,
2,Leptospermum laevigatum,Myrtales,Myrtaceae,wind.special,NA,2.291696365,1.947793781,2.291696365,,,,,,,,,,,,,,,,,,
2,Luma apiculata,Myrtales,Myrtaceae,animal,NA,3.421044314,3.09527651,3.421044314,,,,,,,,,,,,,,,,,,
2,Psidium guajava,Myrtales,Myrtaceae,animal,NA,3.30208672,2.75533919,3.30208672,,,,,,,,,,,,,,,,,,
2,Syzygium australe,Myrtales,Myrtaceae,animal,NA,3.304102511,2.782858281,3.304102511,,,,,,,,,,,,,,,,,,
2,Syzygium smithii,Myrtales,Myrtaceae,animal,NA,3.302811011,2.946935488,3.302811011,,,,,,,,,,,,,,,,,,
2,Ugni molinae,Myrtales,Myrtaceae,animal,NA,3.485978855,2.997831424,3.485978855,,,,,,,,,,,,,,,,,,
2,Ochna serrulata,Malpighiales,Ochnaceae,animal,NA,2.98930947,2.54348304,2.98930947,,,,,,,,,,,,,,,,,,
2,Fraxinus excelsior,Lamiales,Oleaceae,wind.special,2.163460931,2.051445007,2.249934591,2.163460931,,,,,,,,,,,,,,,,,,
2,Fraxinus excelsior,Lamiales,Oleaceae,animal,3.336909922,3.224893998,3.27155477,3.336909922,,,,,,,,,,,,,,,,,,
2,Ligustrum lucidum,Lamiales,Oleaceae,animal,3.226071713,3.11405579,2.940269348,3.226071713,,,,,,,,,,,,,,,,,,
2,Ligustrum sinense,Lamiales,Oleaceae,animal,3.165327888,3.053311965,2.84315289,3.165327888,,,,,,,,,,,,,,,,,,
2,Ligustrum vulgare,Lamiales,Oleaceae,animal,3.168848776,3.056832853,2.847955478,3.168848776,,,,,,,,,,,,,,,,,,
2,Olea europaea,Lamiales,Oleaceae,animal,3.037321324,2.925305401,2.675470709,3.037321324,,,,,,,,,,,,,,,,,,
2,Epilobium hirsutum,Myrtales,Onagraceae,wind.special,2.312807854,1.733933083,1.670405481,2.312807854,,,,,,,,,,,,,,,,,,
2,Epilobium hirsutum,Myrtales,Onagraceae,animal,3.486256845,2.907382073,2.69202566,3.486256845,,,,,,,,,,,,,,,,,,
2,Glaucium flavum,Ranunculales,Papaveraceae,ballistic,0.769656398,0.626601737,0.452906487,0.769656398,,,,,,,,,,,,,,,,,,
2,Glaucium flavum,Ranunculales,Papaveraceae,wind.none,-0.075819854,-0.218874515,-0.508316984,-0.075819854,,,,,,,,,,,,,,,,,,
2,Phytolacca icosandra,Caryophyllales,Phytolaccaceae,animal,NA,2.718212406,2.756166727,2.718212406,,,,,,,,,,,,,,,,,,
2,Pinus contorta,Pinales,Pinaceae,wind.special,2.822089106,2.536847611,2.676201945,2.822089106,,,,,,,,,,,,,,,,,,
2,Pinus halepensis,Pinales,Pinaceae,wind.special,2.529457769,2.244216274,2.262220868,2.529457769,,,,,,,,,,,,,,,,,,
2,Pinus monticola,Pinales,Pinaceae,wind.special,2.651119657,2.365878162,2.441851673,2.651119657,,,,,,,,,,,,,,,,,,
2,Pinus mugo,Pinales,Pinaceae,wind.special,2.443974185,2.15873269,1.971438372,2.443974185,,,,,,,,,,,,,,,,,,
2,Pinus mugo,Pinales,Pinaceae,animal,3.617423176,3.332181681,2.99305855,3.617423176,,,,,,,,,,,,,,,,,,
2,Pinus muricata,Pinales,Pinaceae,wind.special,2.613426943,2.328185448,2.380885553,2.613426943,,,,,,,,,,,,,,,,,,
2,Pinus nigra,Pinales,Pinaceae,wind.special,2.693318367,2.408076872,2.502159033,2.693318367,,,,,,,,,,,,,,,,,,
2,Pinus patula,Pinales,Pinaceae,wind.special,2.678430451,2.393188956,2.477893813,2.678430451,,,,,,,,,,,,,,,,,,
2,Pinus pinaster,Pinales,Pinaceae,wind.special,2.577355887,2.292114392,2.342379111,2.577355887,,,,,,,,,,,,,,,,,,
2,Pinus ponderosa,Pinales,Pinaceae,wind.special,2.673280591,2.388039095,2.48211338,2.673280591,,,,,,,,,,,,,,,,,,
2,Pinus radiata,Pinales,Pinaceae,wind.special,2.646882027,2.361640532,2.440779418,2.646882027,,,,,,,,,,,,,,,,,,
2,Pinus strobus,Pinales,Pinaceae,wind.special,2.733184499,2.447943004,2.561128294,2.733184499,,,,,,,,,,,,,,,,,,
2,Pinus sylvestris,Pinales,Pinaceae,wind.special,2.763444095,2.4782026,2.593854759,2.763444095,,,,,,,,,,,,,,,,,,
2,Pinus sylvestris,Pinales,Pinaceae,animal,3.936893086,3.651651591,3.615474937,3.936893086,,,,,,,,,,,,,,,,,,
2,Pinus thunbergii,Pinales,Pinaceae,wind.special,2.538792927,2.253551432,2.271203354,2.538792927,,,,,,,,,,,,,,,,,,
2,Pinus uncinata,Pinales,Pinaceae,wind.special,2.398196875,2.11295538,2.056824576,2.398196875,,,,,,,,,,,,,,,,,,
2,Pseudotsuga menziesii,Pinales,Pinaceae,wind.special,2.812209563,2.526968067,2.672671578,2.812209563,,,,,,,,,,,,,,,,,,
2,Pittosporum undulatum,Apiales,Pittosporaceae,animal,NA,3.158053085,3.343647545,3.158053085,,,,,,,,,,,,,,,,,,
2,Digitalis purpurea,Lamiales,Plantaginaceae,wind.none,0.312482769,0.216281974,0.392080273,0.312482769,,,,,,,,,,,,,,,,,,
2,Digitalis purpurea,Lamiales,Plantaginaceae,animal,2.760389706,2.664188911,2.781534285,2.760389706,,,,,,,,,,,,,,,,,,
2,Agrostis capillaris,Poales,Poaceae,animal,3.205694903,2.749636727,2.548222491,3.205694903,,,,,,,,,,,,,,,,,,
2,Agrostis capillaris,Poales,Poaceae,wind.none,0.757787966,0.30172979,0.158768479,0.757787966,,,,,,,,,,,,,,,,,,
2,Bromus tectorum,Poales,Poaceae,animal,2.795704995,2.339646819,1.98439423,2.795704995,,,,,,,,,,,,,,,,,,
2,Bromus tectorum,Poales,Poaceae,wind.none,0.347798058,-0.108260119,-0.405059781,0.347798058,,,,,,,,,,,,,,,,,,
2,Cenchrus setaceus,Poales,Poaceae,wind.special,1.722716062,1.266657885,1.104395092,1.722716062,,,,,,,,,,,,,,,,,,
2,Cenchrus setaceus,Poales,Poaceae,animal,2.896165053,2.440106876,2.126015271,2.896165053,,,,,,,,,,,,,,,,,,
2,Cynodon dactylon,Poales,Poaceae,animal,2.942765522,2.486707345,2.17531938,2.942765522,,,,,,,,,,,,,,,,,,
2,Cynodon dactylon,Poales,Poaceae,wind.none,0.494858584,0.038800408,-0.214134631,0.494858584,,,,,,,,,,,,,,,,,,
2,Dactylis glomerata,Poales,Poaceae,wind.none,0.551609169,0.095550993,-0.118714137,0.551609169,,,,,,,,,,,,,,,,,,
2,Dactylis glomerata,Poales,Poaceae,animal,2.999516107,2.54345793,2.270739874,2.999516107,,,,,,,,,,,,,,,,,,
2,Ehrharta erecta,Poales,Poaceae,wind.none,0.474854408,0.018796232,-0.231751429,0.474854408,,,,,,,,,,,,,,,,,,
2,Ehrharta erecta,Poales,Poaceae,animal,2.922761345,2.466703169,2.157702582,2.922761345,,,,,,,,,,,,,,,,,,
2,Eragrostis curvula,Poales,Poaceae,wind.none,0.595654014,0.139595837,-0.069724608,0.595654014,,,,,,,,,,,,,,,,,,
2,Festuca rubra,Poales,Poaceae,animal,2.793578562,2.337520386,1.969656672,2.793578562,,,,,,,,,,,,,,,,,,
2,Holcus lanatus,Poales,Poaceae,animal,3.083628857,2.627570681,2.383681879,3.083628857,,,,,,,,,,,,,,,,,,
2,Holcus lanatus,Poales,Poaceae,wind.none,0.63572192,0.179663743,-0.005772132,0.63572192,,,,,,,,,,,,,,,,,,
2,Lolium perenne,Poales,Poaceae,animal,2.824857092,2.368798916,2.022830731,2.824857092,,,,,,,,,,,,,,,,,,
2,Nardus stricta,Poales,Poaceae,animal,2.822638422,2.366580246,2.000953431,2.822638422,,,,,,,,,,,,,,,,,,
2,Nassella neesiana,Poales,Poaceae,animal,2.787525421,2.331467245,1.981578755,2.787525421,,,,,,,,,,,,,,,,,,
2,Nassella neesiana,Poales,Poaceae,wind.none,0.339618484,-0.116439693,-0.407875256,0.339618484,,,,,,,,,,,,,,,,,,
2,Nassella tenuissima,Poales,Poaceae,wind.none,0.551681698,0.095623522,-0.129704054,0.551681698,,,,,,,,,,,,,,,,,,
2,Phalaris arundinacea,Poales,Poaceae,wind.none,0.644118097,0.188059921,0.017979867,0.644118097,,,,,,,,,,,,,,,,,,
2,Phalaris arundinacea,Poales,Poaceae,animal,3.092025035,2.635966858,2.407433879,3.092025035,,,,,,,,,,,,,,,,,,
2,Phragmites karka,Poales,Poaceae,wind.none,0.925198029,0.469139853,0.409722305,0.925198029,,,,,,,,,,,,,,,,,,
2,Phragmites karka,Poales,Poaceae,animal,3.373104967,2.91704679,2.799176316,3.373104967,,,,,,,,,,,,,,,,,,
2,Poa annua,Poales,Poaceae,animal,2.879043088,2.422984911,2.081062307,2.879043088,,,,,,,,,,,,,,,,,,
2,Poa annua,Poales,Poaceae,wind.none,0.43113615,-0.024922026,-0.308391704,0.43113615,,,,,,,,,,,,,,,,,,
2,Setaria palmifolia,Poales,Poaceae,animal,3.028953575,2.572895399,2.321402675,3.028953575,,,,,,,,,,,,,,,,,,
2,Stenotaphrum secundatum,Poales,Poaceae,wind.none,0.192661471,-0.263396706,-0.640600008,0.192661471,,,,,,,,,,,,,,,,,,
2,Stenotaphrum secundatum,Poales,Poaceae,animal,2.640568408,2.184510232,1.748854004,2.640568408,,,,,,,,,,,,,,,,,,
2,Polygala myrtifolia,Fabales,Polygalaceae,ant,1.898120437,1.823189016,1.961496404,1.898120437,,,,,,,,,,,,,,,,,,
2,Polygala myrtifolia,Fabales,Polygalaceae,wind.none,0.544132819,0.469201398,0.28521486,0.544132819,,,,,,,,,,,,,,,,,,
2,Reynoutria japonica,Caryophyllales,Polygonaceae,wind.special,1.402385857,1.639714763,1.864062795,1.402385857,,,,,,,,,,,,,,,,,,
2,Potamogeton crispus,Alismatales,Potamogetonaceae,animal,NA,1.68240575,1.276645681,1.68240575,,,,,,,,,,,,,,,,,,
2,Banksia integrifolia,Proteales,Proteaceae,wind.special,NA,2.059637337,2.272896075,2.059637337,,,,,,,,,,,,,,,,,,
2,Embothrium coccineum,Proteales,Proteaceae,wind.special,NA,1.97608478,2.150586402,1.97608478,,,,,,,,,,,,,,,,,,
2,Lomatia fraseri,Proteales,Proteaceae,wind.special,NA,1.904289107,1.876306998,1.904289107,,,,,,,,,,,,,,,,,,
2,Pomaderris aspera,Rosales,Rhamnaceae,ant,NA,2.110708831,2.413082204,2.110708831,,,,,,,,,,,,,,,,,,
2,Rhamnus alaternus,Rosales,Rhamnaceae,animal,NA,3.044632828,2.918525942,3.044632828,,,,,,,,,,,,,,,,,,
2,Cotoneaster coriaceus,Rosales,Rosaceae,animal,2.91397115,3.065118685,2.946469214,2.91397115,,,,,,,,,,,,,,,,,,
2,Cotoneaster franchetii,Rosales,Rosaceae,animal,2.736871629,2.888019164,2.686049627,2.736871629,,,,,,,,,,,,,,,,,,
2,Cotoneaster glaucophyllus,Rosales,Rosaceae,animal,2.882028553,3.033176088,2.898307871,2.882028553,,,,,,,,,,,,,,,,,,
2,Cotoneaster simonsii,Rosales,Rosaceae,animal,2.797228648,2.948376182,2.779891311,2.797228648,,,,,,,,,,,,,,,,,,
2,Crataegus monogyna,Rosales,Rosaceae,animal,2.784651418,2.935798953,2.784333758,2.784651418,,,,,,,,,,,,,,,,,,
2,Prunus avium,Rosales,Rosaceae,animal,2.736816903,2.887964438,2.880334252,2.736816903,,,,,,,,,,,,,,,,,,
2,Prunus domestica,Rosales,Rosaceae,animal,2.47782043,2.628967965,2.512795738,2.47782043,,,,,,,,,,,,,,,,,,
2,Prunus laurocerasus,Rosales,Rosaceae,animal,2.682811202,2.833958737,2.645420905,2.682811202,,,,,,,,,,,,,,,,,,
2,Prunus lusitanica,Rosales,Rosaceae,animal,2.803097019,2.954244554,2.802156142,2.803097019,,,,,,,,,,,,,,,,,,
2,Prunus serotina,Rosales,Rosaceae,animal,2.854974206,3.006121741,3.046094823,2.854974206,,,,,,,,,,,,,,,,,,
2,Prunus serrulata,Rosales,Rosaceae,animal,2.861365854,3.012513388,3.050222443,2.861365854,,,,,,,,,,,,,,,,,,
2,Pyracantha angustifolia,Rosales,Rosaceae,animal,2.605199995,2.75634753,2.511036665,2.605199995,,,,,,,,,,,,,,,,,,
2,Rhaphiolepis bibas,Rosales,Rosaceae,animal,2.456961055,2.608108589,2.490261499,2.456961055,,,,,,,,,,,,,,,,,,
2,Rosa rubiginosa,Rosales,Rosaceae,animal,2.753032655,2.90418019,2.7164354,2.753032655,,,,,,,,,,,,,,,,,,
2,Sorbus aucuparia,Rosales,Rosaceae,animal,3.002125901,3.153273436,3.233881325,3.002125901,,,,,,,,,,,,,,,,,,
2,Spiraea japonica,Rosales,Rosaceae,wind.none,0.749090083,0.900237617,0.918300767,0.749090083,,,,,,,,,,,,,,,,,,
2,Populus alba,Malpighiales,Salicaceae,wind.none,1.561499271,1.420173673,1.553814636,1.561499271,,,,,,,,,,,,,,,,,,
2,Salix cinerea,Malpighiales,Salicaceae,wind.special,2.671526239,2.530200641,2.671171202,2.671526239,,,,,,,,,,,,,,,,,,
2,Salix cinerea,Malpighiales,Salicaceae,animal,3.84497523,3.703649632,3.69279138,3.84497523,,,,,,,,,,,,,,,,,,
2,Salix purpurea,Malpighiales,Salicaceae,wind.special,2.691190825,2.549865227,2.543244235,2.691190825,,,,,,,,,,,,,,,,,,
2,Acer negundo,Sapindales,Sapindaceae,wind.special,2.233749677,2.090569632,2.173424986,2.233749677,,,,,,,,,,,,,,,,,,
2,Acer pseudoplatanus,Sapindales,Sapindaceae,wind.special,2.165262605,2.02208256,2.083350263,2.165262605,,,,,,,,,,,,,,,,,,
2,Acer pseudoplatanus,Sapindales,Sapindaceae,animal,3.338711596,3.195531551,3.104970441,3.338711596,,,,,,,,,,,,,,,,,,
2,Buddleja davidii,Lamiales,Scrophulariaceae,wind.special,2.248810225,2.301087839,2.385585713,2.248810225,,,,,,,,,,,,,,,,,,
2,Verbascum thapsus,Lamiales,Scrophulariaceae,wind.none,-0.022086398,0.030191215,0.119396392,-0.022086398,,,,,,,,,,,,,,,,,,
2,Ailanthus altissima,Sapindales,Simaroubaceae,wind.special,2.159905264,2.18042029,2.30391804,2.159905264,,,,,,,,,,,,,,,,,,
2,Cestrum nocturnum,Solanales,Solanaceae,animal,NA,NA,2.883004719,2.883004719,,,,,,,,,,,,,,,,,,
2,Datura stramonium,Solanales,Solanaceae,wind.none,NA,NA,-0.482026676,-0.482026676,,,,,,,,,,,,,,,,,,
2,Lycium ferocissimum,Solanales,Solanaceae,animal,NA,NA,3.147674291,3.147674291,,,,,,,,,,,,,,,,,,
2,Solanum linnaeanum,Solanales,Solanaceae,animal,NA,NA,2.585368361,2.585368361,,,,,,,,,,,,,,,,,,
2,Solanum marginatum,Solanales,Solanaceae,animal,NA,NA,3.076712842,3.076712842,,,,,,,,,,,,,,,,,,
2,Solanum mauritianum,Solanales,Solanaceae,animal,NA,NA,3.391116085,3.391116085,,,,,,,,,,,,,,,,,,
2,Solanum pseudocapsicum,Solanales,Solanaceae,animal,NA,NA,2.709997884,2.709997884,,,,,,,,,,,,,,,,,,
2,Myricaria germanica,Caryophyllales,Tamaricaceae,wind.special,1.967984735,1.967221045,2.304871838,1.967984735,,,,,,,,,,,,,,,,,,
2,Tropaeolum majus,Brassicales,Tropaeolaceae,animal,NA,1.803616091,1.694184913,1.803616091,,,,,,,,,,,,,,,,,,
2,Lantana camara,Lamiales,Verbenaceae,animal,2.890349588,2.929205994,2.655017962,2.890349588,,,,,,,,,,,,,,,,,,
2,Sambucus nigra,Dipsacales,Viburnaceae,animal,NA,3.041998652,2.961909701,3.041998652,,,,,,,,,,,,,,,,,,
3,Agapanthus praecox,Asparagales,Amaryllidaceae,wind.special,0.941876389,1.113028936,1.260236437,0.941876389,,,,,,,,,,,,,,,,,,
3,Allium triquetrum,Asparagales,Amaryllidaceae,ant,0.831389296,1.002541843,1.162706707,0.831389296,,,,,,,,,,,,,,,,,,
3,Araujia sericifera,Gentianales,Apocynaceae,wind.special,2.462286616,2.271690646,2.395350171,2.462286616,,,,,,,,,,,,,,,,,,
3,Ageratina riparia,Asterales,Asteraceae,wind.special,NA,1.141195963,1.224705975,1.141195963,,,,,,,,,,,,,,,,,,
3,Bartlettina sordida,Asterales,Asteraceae,wind.special,NA,2.045351158,2.081706112,2.045351158,,,,,,,,,,,,,,,,,,
3,Gymnocoronis spilanthoides,Asterales,Asteraceae,animal,NA,2.221032573,2.008096717,2.221032573,,,,,,,,,,,,,,,,,,
3,Hieracium levicaule,Asterales,Asteraceae,wind.special,NA,1.10222862,1.168643065,1.10222862,,,,,,,,,,,,,,,,,,
3,Roldana petasitis,Asterales,Asteraceae,wind.special,NA,1.951462428,1.946626968,1.951462428,,,,,,,,,,,,,,,,,,
3,Senecio elegans,Asterales,Asteraceae,wind.special,NA,1.0720032,1.125157293,1.0720032,,,,,,,,,,,,,,,,,,
3,Senecio skirrhodon,Asterales,Asteraceae,wind.special,NA,1.047307233,1.089626831,1.047307233,,,,,,,,,,,,,,,,,,
3,Psidium cattleianum,Myrtales,Myrtaceae,animal,NA,3.448557804,3.079192231,3.448557804,,,,,,,,,,,,,,,,,,
3,Chrysojasminum humile,Lamiales,Oleaceae,animal,3.293138549,3.166095385,2.908582625,3.293138549,,,,,,,,,,,,,,,,,,
3,Fuchsia boliviana,Myrtales,Onagraceae,animal,4.171293546,3.354669074,2.944113088,4.171293546,,,,,,,,,,,,,,,,,,
3,Cenchrus alopecuroides,Poales,Poaceae,animal,2.671743062,2.236477184,1.829531802,2.671743062,,,,,,,,,,,,,,,,,,
3,Cenchrus alopecuroides,Poales,Poaceae,wind.none,0.440587395,0.005321516,-0.220511223,0.440587395,,,,,,,,,,,,,,,,,,
3,Cortaderia jubata,Poales,Poaceae,wind.special,2.73001857,2.294752692,2.239738579,2.73001857,,,,,,,,,,,,,,,,,,
3,Cortaderia selloana,Poales,Poaceae,wind.special,2.768985914,2.333720035,2.295801489,2.768985914,,,,,,,,,,,,,,,,,,
3,Ehrharta villosa,Poales,Poaceae,wind.none,0.658590275,0.223324397,0.093132836,0.658590275,,,,,,,,,,,,,,,,,,
3,Miscanthus nepalensis,Poales,Poaceae,wind.special,1.809909333,1.374643455,1.359785118,1.809909333,,,,,,,,,,,,,,,,,,
3,Nassella trichotoma,Poales,Poaceae,wind.special,1.667707981,1.232442103,1.155197871,1.667707981,,,,,,,,,,,,,,,,,,
3,Nassella trichotoma,Poales,Poaceae,animal,2.747544591,2.312278712,1.938588613,2.747544591,,,,,,,,,,,,,,,,,,
3,Paspalum distichum,Poales,Poaceae,animal,2.687697105,2.252431226,1.852485125,2.687697105,,,,,,,,,,,,,,,,,,
3,Sporobolus anglicus,Poales,Poaceae,wind.none,0.564701545,0.129435667,-0.041946308,0.564701545,,,,,,,,,,,,,,,,,,
3,Thinopyrum obtusiflorum,Poales,Poaceae,animal,2.889745943,2.454480064,2.143175861,2.889745943,,,,,,,,,,,,,,,,,,
3,Zizania latifolia,Poales,Poaceae,animal,2.944667329,2.509401451,2.222192094,2.944667329,,,,,,,,,,,,,,,,,,
3,Prunus campanulata,Rosales,Rosaceae,animal,2.740763189,2.956698571,2.87401397,2.740763189,,,,,,,,,,,,,,,,,,
3,Rubus phoenicolasius,Rosales,Rosaceae,animal,2.932654319,3.148589701,3.000175998,2.932654319,,,,,,,,,,,,,,,,,,
3,Hedychium gardnerianum,Zingiberales,Zingiberaceae,animal,NA,NA,2.143175861,2.143175861,,,,,,,,,,,,,,,,,,
4,Thunbergia alata,Lamiales,Acanthaceae,ballistic,NA,0.386404949,NA,0.386404949,,,,,,,,,,,,,,,,,,
4,Actinidia chinensis,Ericales,Actinidiaceae,animal,NA,2.033152997,NA,2.033152997,,,,,,,,,,,,,,,,,,
4,Carpobrotus chilensis,Caryophyllales,Aizoaceae,animal,NA,1.770626527,NA,1.770626527,,,,,,,,,,,,,,,,,,
4,Carpobrotus edulis,Caryophyllales,Aizoaceae,animal,NA,1.768127652,NA,1.768127652,,,,,,,,,,,,,,,,,,
4,Hedera helix,Apiales,Araliaceae,animal,1.952731544,1.948206949,NA,1.952731544,,,,,,,,,,,,,,,,,,
4,Asparagus aethiopicus,Asparagales,Asparagaceae,animal,NA,1.709719943,NA,1.709719943,,,,,,,,,,,,,,,,,,
4,Asparagus asparagoides,Asparagales,Asparagaceae,animal,NA,2.006680891,NA,2.006680891,,,,,,,,,,,,,,,,,,
4,Asparagus asparagoides,Asparagales,Asparagaceae,ant,NA,1.138525092,NA,1.138525092,,,,,,,,,,,,,,,,,,
4,Amphilophium crucigerum,Lamiales,Bignoniaceae,wind.special,1.484175571,1.356128792,NA,1.484175571,,,,,,,,,,,,,,,,,,
4,Dolichandra unguis-cati,Lamiales,Bignoniaceae,wind.special,1.517069055,1.389022276,NA,1.517069055,,,,,,,,,,,,,,,,,,
4,Eccremocarpus scaber,Lamiales,Bignoniaceae,wind.special,1.630102028,1.502055249,NA,1.630102028,,,,,,,,,,,,,,,,,,
4,Humulus lupulus,Rosales,Cannabaceae,wind.special,NA,1.410402252,NA,1.410402252,,,,,,,,,,,,,,,,,,
4,Lonicera japonica,Dipsacales,Caprifoliaceae,animal,1.789246796,2.014564539,NA,1.789246796,,,,,,,,,,,,,,,,,,
4,Cuscuta campestris,Solanales,Convolvulaceae,animal,NA,1.84201941,NA,1.84201941,,,,,,,,,,,,,,,,,,
4,Cupressus macrocarpa,Pinales,Cupressaceae,wind.special,NA,2.414276168,NA,2.414276168,,,,,,,,,,,,,,,,,,
4,Kennedia rubicunda,Fabales,Fabaceae,ballistic,NA,0.632164616,NA,0.632164616,,,,,,,,,,,,,,,,,,
4,Kennedia rubicunda,Fabales,Fabaceae,ant,NA,1.101916997,NA,1.101916997,,,,,,,,,,,,,,,,,,
4,Medicago lupulina,Fabales,Fabaceae,animal,NA,1.812753942,NA,1.812753942,,,,,,,,,,,,,,,,,,
4,Pueraria montana,Fabales,Fabaceae,animal,NA,1.991466349,NA,1.991466349,,,,,,,,,,,,,,,,,,
4,Passiflora caerulea,Malpighiales,Passifloraceae,animal,NA,2.042396922,NA,2.042396922,,,,,,,,,,,,,,,,,,
4,Passiflora edulis,Malpighiales,Passifloraceae,animal,NA,2.029669185,NA,2.029669185,,,,,,,,,,,,,,,,,,
4,Passiflora tripartita,Malpighiales,Passifloraceae,animal,NA,3.001594377,NA,3.001594377,,,,,,,,,,,,,,,,,,
4,Larix decidua,Pinales,Pinaceae,wind.special,2.594534771,2.432180551,NA,2.594534771,,,,,,,,,,,,,,,,,,
4,Lophospermum erubescens,Lamiales,Plantaginaceae,wind.special,1.392502662,1.275020794,NA,1.392502662,,,,,,,,,,,,,,,,,,
4,Glyceria fluitans,Poales,Poaceae,animal,2.063660164,1.837514501,NA,2.063660164,,,,,,,,,,,,,,,,,,
4,Cobaea scandens,Ericales,Polemoniaceae,wind.special,1.322496057,1.336906827,NA,1.322496057,,,,,,,,,,,,,,,,,,
4,Persicaria capitata,Caryophyllales,Polygonaceae,ant,0.519715991,0.858477073,NA,0.519715991,,,,,,,,,,,,,,,,,,
4,Rumex sagittatus,Caryophyllales,Polygonaceae,wind.special,1.037449357,1.376210439,NA,1.037449357,,,,,,,,,,,,,,,,,,
4,Hakea gibbosa,Proteales,Proteaceae,wind.special,1.246790017,1.34302564,NA,1.246790017,,,,,,,,,,,,,,,,,,
4,Hakea salicifolia,Proteales,Proteaceae,wind.special,2.260910004,2.357145627,NA,2.260910004,,,,,,,,,,,,,,,,,,
4,Hakea sericea,Proteales,Proteaceae,wind.special,2.247592677,2.3438283,NA,2.247592677,,,,,,,,,,,,,,,,,,
4,Clematis flammula,Ranunculales,Ranunculaceae,wind.special,1.546874944,1.441544142,NA,1.546874944,,,,,,,,,,,,,,,,,,
4,Clematis terniflora,Ranunculales,Ranunculaceae,wind.special,1.559819159,1.454488358,NA,1.559819159,,,,,,,,,,,,,,,,,,
4,Clematis vitalba,Ranunculales,Ranunculaceae,wind.special,2.575714039,2.470383237,NA,2.575714039,,,,,,,,,,,,,,,,,,
4,Rubus armeniacus,Rosales,Rosaceae,animal,1.864497897,1.986154736,NA,1.864497897,,,,,,,,,,,,,,,,,,
4,Rubus cardiophyllus,Rosales,Rosaceae,animal,1.867784884,1.989441722,NA,1.867784884,,,,,,,,,,,,,,,,,,
4,Rubus cissburiensis,Rosales,Rosaceae,animal,1.879051769,2.000708607,NA,1.879051769,,,,,,,,,,,,,,,,,,
4,Rubus laciniatus,Rosales,Rosaceae,animal,1.861462111,1.98311895,NA,1.861462111,,,,,,,,,,,,,,,,,,
4,Rubus polyanthemus,Rosales,Rosaceae,animal,1.869067828,1.990724667,NA,1.869067828,,,,,,,,,,,,,,,,,,
4,Rubus ulmifolius,Rosales,Rosaceae,animal,1.873522664,1.995179502,NA,1.873522664,,,,,,,,,,,,,,,,,,
4,Rubus ulmifolius,Rosales,Rosaceae,wind.none,0.04538962,0.167046458,NA,0.04538962,,,,,,,,,,,,,,,,,,
4,Myoporum insulare,Lamiales,Scrophulariaceae,animal,1.948585845,1.979251976,NA,1.948585845,,,,,,,,,,,,,,,,,,
4,Solanum dulcamara,Solanales,Solanaceae,animal,1.868279073,1.740086278,NA,1.868279073,,,,,,,,,,,,,,,,,,
4,Vitis vinifera,Vitales,Vitaceae,animal,1.824904163,1.944128171,NA,1.824904163,,,,,,,,,,,,,,,,,,
5,Bomarea multiflora,Liliales,Alstroemeriaceae,animal,NA,2.064385242,NA,2.064385242,,,,,,,,,,,,,,,,,,
5,Hedera canariensis,Apiales,Araliaceae,animal,2.0928902,2.064385182,NA,2.0928902,,,,,,,,,,,,,,,,,,
5,Asparagus scandens,Asparagales,Asparagaceae,animal,NA,2.06438519,NA,2.06438519,,,,,,,,,,,,,,,,,,
5,Helichrysum petiolare,Asterales,Asteraceae,wind.special,NA,1.231432897,NA,1.231432897,,,,,,,,,,,,,,,,,,
5,Passiflora mixta,Malpighiales,Passifloraceae,animal,NA,2.821526912,NA,2.821526912,,,,,,,,,,,,,,,,,,
5,Passiflora pinnatistipula,Malpighiales,Passifloraceae,animal,NA,2.06438538,NA,2.06438538,,,,,,,,,,,,,,,,,,
5,Passiflora tarminiana,Malpighiales,Passifloraceae,animal,NA,2.821526912,NA,2.821526912,,,,,,,,,,,,,,,,,,
5,Rhaphiolepis umbellata,Rosales,Rosaceae,animal,1.896532165,2.064385116,NA,1.896532165,,,,,,,,,,,,,,,,,,
5,Rubus echinatus,Rosales,Rosaceae,animal,1.896532165,2.064385116,NA,1.896532165,,,,,,,,,,,,,,,,,,
5,Rubus leptothyrsos,Rosales,Rosaceae,animal,1.896532165,2.064385116,NA,1.896532165,,,,,,,,,,,,,,,,,,
5,Rubus vestitus,Rosales,Rosaceae,animal,1.896532165,2.064385116,NA,1.896532165,,,,,,,,,,,,,,,,,,
5,Salpichroa origanifolia,Solanales,Solanaceae,animal,2.131350566,2.064385235,NA,2.131350566,,,,,,,,,,,,,,,,,,
5,Tropaeolum speciosum,Brassicales,Tropaeolaceae,animal,NA,2.064385169,NA,2.064385169,,,,,,,,,,,,,,,,,,
