searchSpecies,lat_max,lat_min,lat_range,n,dd
Acacia baileyana,-35.436672,-46.638744,11.202072000000001,203,2.0289119373150317
Acacia dealbata,-35.2147841,-46.560007,11.345222899999996,413,3.3569829344936384
Acacia longifolia,-34.432319,-45.880857,11.448538,1305,3.1613293547796872
Acacia mearnsii,-34.902018,-46.287479,11.385461,261,3.1562963945594764
Acacia melanoxylon,-34.4369,-46.895804,12.458903999999997,468,3.350102744451376
Acacia paradoxa,-34.428131,-43.662611,9.234479999999998,93,1.858293548571173
Acacia verticillata,-34.7406649,-45.86307,11.122405100000002,160,2.119295908004441
Acanthus mollis,-35.098003,-46.401043,11.303040000000003,1087,1.7440992780040971
Acer negundo,-36.606064,-46.452565,9.846500999999996,255,2.23374967704083
Acer pseudoplatanus,-35.217281,-47.008479,11.791198000000001,2758,3.338711595942968
Actinidia chinensis,-35.210995,-44.190085,8.979090000000006,413,2.0331529965362223
Agapanthus praecox,-34.426724,-46.903403,12.476678999999997,1619,0.9418763887267108
Ageratina adenophora,-34.43637,-41.105858,6.669488000000001,544,1.6140807773851855
Ageratina riparia,-34.466045,-41.320489,6.854444000000001,444,1.141195963369575
Ageratum houstonianum,-35.177143,-43.641972,8.464829000000002,29,1.3578221443115783
Agrostis capillaris,-34.465467,-46.9374,12.471933,2823,3.2056949033565627
Ailanthus altissima,-36.644949,-45.857004,9.212055000000007,209,2.15990526385152
Allium triquetrum,-34.823809,-46.902905,12.079096,1251,0.831389295942344
Alnus glutinosa,-35.701598,-46.897879,11.196281000000006,395,3.5965188966869284
Alocasia brisbanensis,-35.206976,-43.63,8.423024000000005,290,2.2747947266611828
Amphilophium crucigerum,-35.117871,-40.386538,5.268667000000001,18,1.4841755706780388
Angelica pachycarpa,-35.116667,-46.899106,11.782439000000004,316,-0.9074736545897292
Araujia sericifera,-34.974508,-43.579178,8.604669999999999,1793,2.462286616316812
Archontophoenix cunninghamiana,-34.990815,-39.085827,4.095012000000004,283,2.746486313845154
Arctium minus,-36.916667,-46.659253,9.742586000000003,474,2.1533428690228704
Aristea ecklonii,-34.422437,-43.53434,9.111902999999998,913,-0.3595608785036061
Arum italicum,-35.12119,-46.406292,11.285102000000002,454,1.8507039605823072
Asparagus aethiopicus,-34.816667,-44.411748,9.595081,181,1.7097199428653125
Asparagus asparagoides,-34.827961,-46.256183,11.428221999999998,516,2.0066808907620213
Asparagus scandens,-34.723925,-45.861243,11.137318,2014,2.064385189947447
Baccharis halimifolia,-37.598611,-43.92532,6.326709000000001,72,3.5791061948878364
Banksia integrifolia,-34.737614,-45.867094,11.129480000000001,579,2.0596373369783834
Bartlettina sordida,-34.814962,-41.28437,6.469408000000001,105,2.0453511577629504
Bellis perennis,-34.433333,-46.901244,12.467911,1786,2.174044353547364
Berberis darwinii,-35.577783,-46.950562,11.372779000000001,1667,3.273738013944066
Berberis glaucocarpa,-35.107911,-46.428182,11.320270999999998,1556,3.2123530593027363
Betula pendula,-35.993016,-46.56127,10.568254000000003,416,3.9005180854314734
Bidens frondosa,-34.887042,-44.051964,9.164921999999997,450,2.2640083782739095
Bomarea multiflora,-35.116667,-46.901135,11.784467999999997,199,2.064385242315464
Bromus tectorum,-37.25,-46.405585,9.155585000000002,163,2.795704995123011
Bryonia cretica,-39.5985981,-39.687915,0.08931690000000003,5,2.8493177801722536
Buddleja davidii,-34.428014,-46.901889,12.473875,2081,2.2488102254593887
Calluna vulgaris,-34.876202,-46.896893,12.020691,849,3.186331589306525
Carex divulsa,-34.9897,-43.804833,8.815133000000003,335,2.1604810216033785
Carex flacca,-34.9897,-46.902455,11.912755000000004,144,2.2308159534571756
Carex leporina,-34.8735,-46.90777,12.03427,592,2.299175940687918
Carex longebrachiata,-34.733333,-41.2764,6.543067000000001,153,2.2720161449120404
Carex lurida,-37.2422,-43.5378,6.2956,59,2.3101921726867007
Carex scoparia,-35.873,-39.963777,4.090777000000003,25,2.408270370701452
Carpobrotus chilensis,-34.655444,-46.047722,11.392277999999997,292,1.77062652722388
Carpobrotus edulis,-34.682265,-46.628567,11.946301999999996,901,1.7681276518673767
Casuarina glauca,-35.941054,-41.2526,5.311546,16,2.224196045158053
Celastrus orbiculatus,-35.220278,-43.9407,8.720422,130,3.2718152514792473
Cenchrus alopecuroides,-35.716667,-41.464902,5.748235000000001,14,2.6717430623364735
Cenchrus setaceus,-35.09668,-43.569401,8.472721,82,2.89616505255358
Centranthus ruber,-35.05,-46.418589,11.368589,1222,0.6720672552091668
Cestrum nocturnum,-34.816667,-41.325542,6.508874999999996,229,2.883004718812507
Chamaecytisus prolifer,-35.116667,-46.902,11.785333000000001,184,2.974542575707918
Chrysojasminum humile,-36.85,-45.876573,9.026572999999999,50,3.2931385486281286
Cirsium arvense,-35.166277,-47.059722,11.893445,1749,2.270876214344299
Cirsium vulgare,-34.43501,-47.245,12.809989999999999,3468,2.2655072016260367
Clematis flammula,-35.333333,-43.6065826,8.2732496,53,1.5468749441368943
Clematis terniflora,-35.744225,-45.932617,10.188392,47,1.5598191594389577
Clematis vitalba,-35.25,-46.556899,11.306899000000001,17294,2.575714038651496
Cobaea scandens,-35.233333,-43.810261,8.576927999999995,253,1.3224960568563315
Cornus capitata,-35.687862,-46.360205,10.672342999999998,467,2.916368801388308
Cortaderia jubata,-34.428975,-46.900673,12.471697999999996,463,2.7300185700996713
Cortaderia selloana,-34.399436,-46.896962,12.497526,2754,2.768985913874501
Cotoneaster coriaceus,-34.991364,-46.902211,11.910847000000004,536,2.913971150408278
Cotoneaster franchetii,-34.422562,-46.898047,12.475484999999999,535,2.736871628908558
Cotoneaster glaucophyllus,-34.739356,-46.893962,12.154606000000001,2767,2.8820285533579817
Cotoneaster simonsii,-35.164288,-46.902,11.737712000000002,650,2.7972286475048356
Cotyledon orbiculata,-34.995166,-45.881925,10.886759000000005,547,0.7645179290621058
Crataegus monogyna,-35.203251,-46.900702,11.697451000000001,1941,2.784651417953617
Cupressus macrocarpa,-34.816123,-46.980396,12.164273000000001,957,2.414276168067465
Cuscuta campestris,-34.992722,-45.838927,10.846204999999998,16,1.8420194095058111
Cynodon dactylon,-34.4262,-46.384089,11.957889000000002,388,2.9427655217970594
Cyperus eragrostis,-34.45,-47.144722,12.694721999999999,1588,2.5379934130602817
Cytisus multiflorus,-36.816667,-46.323409,9.506741999999996,68,1.448193701179074
Cytisus scoparius,-34.519099,-47.247222,12.728123000000004,4180,2.9265881391508923
Dactylis glomerata,-34.438281,-46.926618,12.488336999999994,2515,2.9995161067367513
Datura stramonium,-35.026253,-46.603543,11.577290000000005,448,-0.4820266764713661
Digitalis purpurea,-35.027561,-46.905756,11.878194999999998,3408,2.7603897060020084
Dolichandra unguis-cati,-35.746389,-43.583033,7.836644,29,1.5170690554953807
Eccremocarpus scaber,-39.619127,-46.416749,6.797622000000004,102,1.6301020279801666
Echium vulgare,-36.159906,-46.45542,10.295513999999997,1761,-0.37797913462406113
Ehrharta erecta,-34.433333,-46.899283,12.46595,949,2.9227613454414945
Ehrharta villosa,-39.9315329,-40.496026,0.5644931,25,0.6585902752146369
Embothrium coccineum,-35.80844,-46.9,11.091560000000001,102,1.9760847795812784
Epilobium hirsutum,-41.269213,-43.785826,2.5166129999999995,144,3.486256844633556
Eragrostis curvula,-34.878364,-45.339067,10.460703000000002,60,0.595654013646794
Erica cinerea,-37.3095,-45.86222,8.55272,81,2.9462603529541167
Erica lusitanica,-34.869802,-46.898748,12.028945999999998,2927,1.0780317276747802
Erigeron karvinskianus,-35,-46.901694,11.901693999999999,1420,1.2589633648257468
Eucalyptus delegatensis,-36.876387,-46.0545,9.178112999999996,93,1.276431977069663
Euonymus europaeus,-35.216667,-46.561611,11.344943999999998,901,2.7740315663970385
Euonymus japonicus,-34.825817,-46.889565,12.063747999999997,517,2.852013678655353
Eupatorium cannabinum,-39.470458,-45.861322,6.3908640000000005,50,2.529455501176039
Fatsia japonica,-34.988098,-45.910608,10.922510000000003,1129,2.843212771372244
Festuca rubra,-36.733333,-46.98,10.246666999999995,1444,2.7935785622046945
Ficus macrophylla,-34.823813,-41.287125,6.463312000000002,375,3.611653362486682
Fraxinus excelsior,-36.13468,-46.445265,10.310584999999996,223,3.3369099216759133
Fuchsia boliviana,-35.217937,-45.861532,10.643594999999998,201,4.171293546071865
Glaucium flavum,-39.06756,-45.632,6.564439999999998,312,0.7696563979103286
Glyceria declinata,-34.983333,-46.891131,11.907798,319,2.06693499643057
Glyceria fluitans,-35.349444,-46.520488,11.171044000000002,151,2.0636601638505665
Glyceria maxima,-34.833945,-46.58542,11.751475,505,2.075746149801335
Gunnera tinctoria,-35.116667,-46.899327,11.78266,642,2.4698681279611625
Gymnocoronis spilanthoides,-35.845998,-43.642056,7.796057999999995,97,2.221032572951951
Hakea gibbosa,-34.396255,-41.809901,7.413646000000007,125,1.246790017113957
Hakea salicifolia,-34.422814,-46.428573,12.005758999999998,363,2.260910004283595
Hakea sericea,-34.395561,-41.428373,7.032812,538,2.247592677261466
Hedera canariensis,-35.221405,-46.23471,11.013305000000003,109,2.0928901999038905
Hedera helix,-35.103397,-46.901886,11.798488999999996,2548,1.95273154436435
Hedychium gardnerianum,-34.741388,-46.898188,12.156799999999997,1620,2.143175860666998
Helichrysum petiolare,-34.9,-45.907589,11.007589000000003,355,1.231432896737219
Helosciadium nodiflorum,-35.258861,-46.589444,11.330582999999997,596,1.857579194279542
Hieracium levicaule,-39.3474413,-45.900833,6.553391699999999,39,1.1022286195947448
Holcus lanatus,-34.4457,-47.145556,12.699855999999997,3696,3.0836288571190984
Homalanthus populifolius,-34.771572,-43.807245,9.035673000000003,307,3.2027938377426532
Humulus lupulus,-36.898634,-46.573288,9.674653999999997,176,1.410402252329337
Hypericum androsaemum,-35.015234,-46.906715,11.891480999999999,1735,3.5006263803932978
Hypericum perforatum,-34.9821,-46.401712,11.419612,878,2.5226892999914754
Ilex aquifolium,-35.723909,-46.908939,11.185029999999998,1396,3.117893325377154
Impatiens glandulifera,-36.900784,-46.900111,9.999327000000001,295,0.47475572789215537
Iris foetidissima,-35.2481151,-46.560272,11.312156899999998,1181,1.7717504774864437
Iris pseudacorus,-35.278184,-46.888828,11.610643999999994,557,1.873655743184915
Jacobaea vulgaris,-34.989586,-47.000031,12.010444999999997,2722,2.4894018415773957
Juglans ailantifolia,-35.213762,-43.6593,8.445537999999999,196,2.511564671188953
Juncus acutus,-35.000856,-43.397658,8.396802000000001,378,2.33656743849037
Juncus articulatus,-34.4457,-46.8956636,12.449963599999997,1326,2.40678790182026
Juncus bulbosus,-34.641777,-46.982149,12.340372000000002,329,1.9095849100116864
Juncus squarrosus,-40.900827,-47.168702,6.267875000000004,297,2.1490094887701328
Kennedia rubicunda,-35.114155,-41.2841322,6.169977200000005,37,1.101916997247502
Lantana camara,-34.748463,-43.644066,8.895603000000001,253,2.8903495884427906
Larix decidua,-37.208056,-46.19569,8.987634,251,2.5945347710150433
Laurus nobilis,-34.994056,-46.880432,11.886375999999998,465,2.46107479277867
Leptospermum laevigatum,-35.916667,-43.578713,7.662046000000004,24,2.291696365084278
Leucanthemum vulgare,-34.414275,-46.898395,12.484119999999997,1233,2.3872819073226874
Leycesteria formosa,-35.177405,-46.950562,11.773156999999998,2713,2.9874717931870403
Ligustrum lucidum,-35.08705,-46.539606,11.452556000000001,1246,3.2260717133537997
Ligustrum sinense,-34.991,-45.8431,10.8521,1166,3.1653278881487656
Ligustrum vulgare,-35.389722,-46.604832,11.215110000000003,127,3.168848776260444
Lilium formosanum,-34.735126,-43.71534,8.980213999999997,528,1.027704506588406
Lolium arundinaceum,-35.116667,-46.625813,11.509146000000001,1442,3.008676592079165
Lolium perenne,-35.227287,-46.926715,11.699428000000005,712,2.8248570918693052
Lomatia fraseri,-41.1561,-44.41099,3.254889999999996,110,1.9042891074614008
Lonicera japonica,-35.100861,-46.89615,11.795288999999997,2619,1.7892467961416334
Lophospermum erubescens,-34.518145,-39.079451,4.561306000000002,26,1.3925026623345629
Ludwigia peploides,-34.900464,-43.432962,8.532498000000004,269,2.5292918024384097
Luma apiculata,-36.7342,-46.903207,10.169007,76,3.4210443135486273
Lupinus arboreus,-34.424958,-47.048889,12.623931000000006,3077,1.2644822764866648
Lupinus polyphyllus,-36.328235,-46.900111,10.571876000000003,957,0.22139864387881547
Lycium ferocissimum,-35.148047,-46.640556,11.492508999999998,1024,3.147674291071904
Lycopus europaeus,-34.476819,-46.026241,11.549422,456,2.314330788619831
Lythrum salicaria,-36.409397,-46.391237,9.981839999999998,281,2.7609706001600327
Maytenus boaria,-36.847511,-46.443325,9.595814000000004,612,3.0437895191246263
Medicago lupulina,-34.436782,-46.422278,11.985495999999998,473,1.812753941685045
Melianthus major,-34.733333,-46.899578,12.166244999999996,417,2.847797168525523
Miscanthus nepalensis,-35.3,-42.721711,7.421711000000002,291,1.8099093330989495
Moraea flaccida,-36.156479,-43.529047,7.372568000000001,39,2.045439702896512
Myoporum insulare,-34.975333,-45.821588,10.846255,136,1.9485858452456877
Myricaria germanica,-41.951972,-44.374248,2.4222760000000036,81,1.967984734847129
Nardus stricta,-39.362043,-46.543458,7.181415000000001,45,2.8226384223354475
Nassella neesiana,-36.861,-43.589,6.7280000000000015,57,2.7875254209810136
Nassella tenuissima,-35.183333,-46.143222,10.959889000000004,85,0.5516816984275638
Nassella trichotoma,-34.956667,-45.2098187,10.253151699999997,538,2.747544590754471
Nymphaea mexicana,-35.033333,-38.504791,3.4714579999999984,31,1.6018522434856648
Ochna serrulata,-34.993719,-43.52959,8.535871,68,2.9893094702989793
Olea europaea,-35.256722,-43.661443,8.404720999999995,143,3.0373213241343473
Opuntia monacantha,-34.981499,-43.826097,8.844597999999998,83,2.7135456659902717
Osteospermum moniliferum,-34.42473,-45.894711,11.469981000000004,1492,2.879046366356382
Paraserianthes lophantha,-34.4118,-46.879319,12.467519000000003,1222,1.37112120860654
Paspalum distichum,-34.755844,-43.640744,8.884899999999995,754,2.68769710494382
Paspalum vaginatum,-34.4059,-41.297338,6.891438000000001,155,2.776997028065259
Passiflora caerulea,-34.755,-45.275465,10.520464999999994,197,2.0423969218548885
Passiflora edulis,-34.444564,-41.275491,6.830927000000003,150,2.029669185326607
Passiflora mixta,-35.224722,-44.396409,9.171686999999999,122,2.821526912099542
Passiflora pinnatistipula,-36.833333,-45.851703,9.018369999999997,91,2.064385379621995
Passiflora tarminiana,-34.988467,-45.882733,10.894266000000002,310,2.821526912099542
Passiflora tripartita,-35.616222,-46.898495,11.282272999999996,761,3.001594377153217
Persicaria capitata,-34.833333,-45.902479,11.069145999999996,346,0.5197159913171463
Phalaris arundinacea,-35.002833,-46.586667,11.583833999999996,175,3.092025034779594
Phoenix canariensis,-34.98791,-46.417871,11.429960999999999,1637,2.457336942140149
Phragmites karka,-36.863209,-40.973745,4.110536000000003,134,3.373104966633169
Phytolacca icosandra,-34.526086,-43.867782,9.341695999999999,1396,2.718212406359322
Pilosella officinarum,-38.131214,-46.866496,8.735281999999998,2581,0.8847248054700128
Pilosella piloselloides,-38.288858,-45.9573,7.668441999999999,1257,1.139988558564491
Pinus contorta,-35.621153,-46.287925,10.666772000000002,673,2.8220891060914095
Pinus halepensis,-36.848198,-46.162455,9.314257000000005,34,2.529457769321086
Pinus monticola,-37.904495,-43.593716,5.689221000000003,38,2.651119656960317
Pinus mugo,-37.209295,-46.221,9.011705,131,3.617423175877078
Pinus muricata,-35.498175,-46.480721,10.982546,174,2.6134269428875614
Pinus nigra,-36.248187,-46.343,10.094813000000002,368,2.693318367487074
Pinus patula,-35.679017,-46.187901,10.508883999999995,146,2.678430451228208
Pinus pinaster,-35.631321,-46.584399,10.953077999999998,355,2.5773558870564113
Pinus ponderosa,-36.916667,-46.433427,9.516760000000005,182,2.673280590566752
Pinus radiata,-34.397758,-46.900715,12.502956999999995,2876,2.6468820266063497
Pinus strobus,-36.924667,-45.458,8.533332999999999,125,3.9066334899675903
Pinus sylvestris,-36.868944,-45.886038,9.017094,155,3.936893085925324
Pinus thunbergii,-35.791136,-46.162455,10.371319,34,2.538792927244099
Pinus uncinata,-36.958361,-46.212,9.253639000000007,47,2.3981968748717977
Pittosporum undulatum,-34.742214,-36.966667,2.224453000000004,24,3.1580530847366775
Poa annua,-34.990944,-47.059722,12.068778000000002,678,2.8790430876431072
Polygala myrtifolia,-34.43043,-45.905137,11.474707000000002,338,1.8981204368992477
Pomaderris aspera,-36.6,-44.41052,7.810519999999997,104,2.1107088312135875
Populus alba,-34.500478,-46.415604,11.915126,410,1.561499270615274
Potamogeton crispus,-34.475833,-46.594752,12.118918999999998,990,1.6824057503535808
Prunus avium,-35.406159,-46.561725,11.155566,302,2.736816902886981
Prunus campanulata,-35.184875,-43.532793,8.347918,257,2.740763188985501
Prunus domestica,-35.21893,-46.561162,11.342232000000003,125,2.477820430445279
Prunus laurocerasus,-35.211439,-46.896696,11.685257,610,2.6828112018233865
Prunus lusitanica,-35.137527,-46.539332,11.401805000000003,166,2.80309701904748
Prunus serotina,-35.116667,-43.662029,8.545361999999997,45,2.8549742063929293
Prunus serrulata,-35.405335,-46.553006,11.147671000000003,319,2.861365853657686
Pseudotsuga menziesii,-35.3886,-46.6327,11.244100000000003,2780,2.812209562529981
Psidium cattleianum,-34.740841,-41.328062,6.5872209999999995,123,3.44855780375668
Psidium guajava,-35.116667,-36.911373,1.794705999999998,5,3.302086720225356
Pueraria montana,-36.099416,-37.655738,1.5563220000000015,14,1.9914663490056257
Pultenaea daphnoides,-34.807925,-36.934,2.126075,18,1.9066550455023177
Pyracantha angustifolia,-35.074906,-44.609703,9.534797000000005,79,2.6051999952277125
Quercus robur,-35.267947,-46.428695,11.160747999999998,413,2.6307828684138537
Reynoutria japonica,-36.238056,-45.86493,9.626874,161,1.4023858565584475
Rhamnus alaternus,-35.211517,-45.719388,10.507871000000002,468,3.044632828202047
Rhaphiolepis bibas,-34.741696,-43.656462,8.914766,725,2.456961054656002
Rhaphiolepis umbellata,-35.112537,-43.558895,8.446357999999996,208,1.8965321645663673
Rhododendron ponticum,-36.906195,-46.450395,9.544200000000004,77,1.061569701668453
Ribes sanguineum,-39.171558,-46.900028,7.7284700000000015,494,2.910701741861612
Ribes uva-crispa,-38.278039,-46.893979,8.615940000000002,308,2.7442610411847546
Ricinus communis,-34.814725,-46.603543,11.788818,265,2.9039895666836872
Robinia pseudoacacia,-35.035085,-45.890968,10.855882999999999,340,0.8348755702110622
Roldana petasitis,-34.816667,-43.81428,8.997612999999994,358,1.951462427605944
Rosa rubiginosa,-34.427625,-46.324064,11.896439,2013,2.7530326548344477
Rubus armeniacus,-35.277695,-44.829084,9.551389,58,1.8644978973576591
Rubus cardiophyllus,-38.05229,-45.4135,7.36121,20,1.8677848839246536
Rubus cissburiensis,-37.461195,-45.8,8.338805,76,1.879051768769343
Rubus echinatus,-38.638575,-45.86304,7.224464999999995,83,1.8965321645663673
Rubus laciniatus,-38.412778,-46.902541,8.489762999999996,241,1.8614621112896832
Rubus leptothyrsos,-41.418731,-46.584543,5.165811999999995,26,1.8965321645663673
Rubus phoenicolasius,-36.722426,-45.028509,8.306083000000001,205,2.9326543190693672
Rubus polyanthemus,-36.352468,-46.429807,10.077338999999995,15,1.8690678281036344
Rubus ulmifolius,-35.359003,-46.614306,11.255302999999998,119,1.873522663805489
Rubus vestitus,-36.7935,-46.498481,9.704980999999997,65,1.8965321645663673
Rumex sagittatus,-34.966986,-44.933241,9.966255000000004,829,1.0374493571610666
Sagina procumbens,-34.429722,-47.045477,12.615755,932,2.0129120830679663
Salix cinerea,-35.102561,-46.602139,11.499578,973,3.844975230056352
Salix purpurea,-35.212444,-46.900595,11.688151000000005,171,2.69119082480336
Salpichroa origanifolia,-35.316667,-43.540319,8.223651999999994,157,2.131350566182744
Sambucus nigra,-35.13817,-46.950562,11.812391999999996,2055,3.041998651738945
Schinus terebinthifolia,-34.72152,-41.138557,6.4170370000000005,130,3.0393729412100248
Schoenoplectus californicus,-35.933333,-37.383333,1.4500000000000028,26,2.5790502194279776
Sedum acre,-36.9,-46.918823,10.018823000000005,848,1.9979154572941848
Senecio elegans,-34.429946,-46.660799,12.230852999999996,1466,1.072003199563906
Senecio glastifolius,-37.766667,-45.874167,8.107500000000002,1025,1.2001011482500266
Senecio skirrhodon,-34.814734,-45.925825,11.111091000000002,1403,1.0473072332125686
Senna septemtrionalis,-34.773889,-43.640109,8.866220000000006,103,1.2414056744337745
Setaria palmifolia,-34.87462,-44.406232,9.531612000000003,272,3.0289535752915535
Setaria pumila,-35.1024422,-43.897947,8.795504800000003,191,2.0658025812989433
Silybum marianum,-34.494258,-46.233738,11.73948,406,2.104373999780682
Solanum dulcamara,-34.427838,-46.661944,12.234105999999997,886,1.8682790725475635
Solanum linnaeanum,-34.408877,-41.069753,6.660876000000002,283,2.5853683608673657
Solanum marginatum,-36.128889,-45.327289,9.1984,62,3.0767128416742087
Solanum mauritianum,-34.471369,-43.93779,9.466420999999997,1859,3.391116085474279
Solanum pseudocapsicum,-35.149928,-43.7267,8.576771999999998,523,2.7099978843327266
Sorbus aucuparia,-38.134747,-46.584961,8.450214000000003,739,3.002125900776949
Spartium junceum,-36.825578,-45.874799,9.049221000000003,138,2.9484155747626635
Spiraea japonica,-36.348167,-43.606558,7.258391000000003,55,0.7490900825520701
Sporobolus anglicus,-35.083333,-46.891131,11.807797999999998,114,0.5647015450576304
Stenotaphrum secundatum,-34.424818,-43.758355,9.333537,321,2.6405684081883134
Syzygium australe,-34.994494,-43.530379,8.535885,79,3.3041025113400333
Syzygium smithii,-35,-41.334776,6.334775999999998,330,3.3028110107995867
Thinopyrum obtusiflorum,-41.519194,-41.521352,0.0021580000000014365,5,2.8897459426813255
Thunbergia alata,-34.966921,-39.994916,5.027995000000004,214,0.38640494858897434
Toxicodendron succedaneum,-35.2182,-39.672,4.453799999999994,80,2.9890505724555076
Trachycarpus fortunei,-35.002522,-45.53978,10.537258000000001,434,2.8816864836728415
Tropaeolum majus,-34.823301,-46.382695,11.559393999999998,1207,1.80361609121973
Tropaeolum speciosum,-38.429554,-46.908889,8.479334999999999,667,2.0643851687018255
Tussilago farfara,-42.732719,-43.443414,0.7106949999999941,26,1.0324948335973156
Ugni molinae,-36.123167,-46.90875,10.785582999999995,59,3.485978854810031
Ulex europaeus,-34.396389,-47.049444,12.653055000000002,8075,2.9561407385340015
Utricularia gibba,-34.476819,-43.583333,9.106514000000004,576,2.3409131506370517
Verbascum thapsus,-34.447433,-46.45424,12.006807000000002,1854,2.4258205393354006
Vitis vinifera,-34.466667,-46.5627,12.096032999999998,146,1.82490416324488
Zantedeschia aethiopica,-34.699285,-46.907865,12.208579999999998,1704,2.0801163284379927
Zizania latifolia,-35.880707,-40.850838,4.970131000000002,40,2.9446673290635017
